# Join

## 0. Join?

`RDB` ÏóêÏÑú `Í∏∞Î≥∏ÌÇ§`-`Ïô∏ÎûòÌÇ§`Î°ú Ïó∞Í¥ÄÎêú Îëê ÌÖåÏù¥Î∏îÏùÑ Î¨∂Ïñ¥ ÌïòÎÇòÏùò ÌÖåÏù¥Î∏îÎ°ú ÎßåÎìúÎäî Î∞©Î≤ï.
`RDB` Î•º ÏÇ¨Ïö©Ìï®Ïóê ÏûàÏñ¥ Í∞ÄÏû• Ï§ëÏöîÌïú Ïó≠Ìï†.  
Ï±Ö Î™©Î°ù, Í∞Å Ï±ÖÏùò Ï†ÄÏûê Î™ÖÎã®, Í∞Å Ï†ÄÏûêÏùò ÏÜåÏÜç Ï∂úÌåêÏÇ¨ Î™©Î°ù ÏÑ∏ Í∞ÄÏßÄ ÌÖåÏù¥Î∏îÏùò Ï°∞Ïù∏ Î∞©ÏãùÍ≥º ÏòàÏ†úÎ•º `SQL`Ïùò Ìïú Ï¢ÖÎ•òÏù∏ `MariaDB`Î•º ÌÜµÌï¥ ÏïåÏïÑ Îì§Ïñ¥Î≥¥Ïûê.

- Ïó∞Í¥ÄÍ¥ÄÍ≥ÑÎ•º ÏÇ¨Ïö©ÌïòÏßÄ ÏïäÍ≥† Ï±Ö Ï†úÎ™©, Ï†ÄÏûê, Ï∂úÌåêÏÇ¨ ÎÇ¥Ïö©ÏùÑ Î™®Îëê Îã¥ÏùÄ ÌÖåÏù¥Î∏î

| id  | book           | author | publisher |
|-----|----------------|--------|-----------|
| 1   | Java           | jimmy  | malang    |
| 2   | C/C#           | jose   | malang    |
| 3   | Linear Algebra | tom    | dandan    |
| 4   | Calculus       | jimmy  | malang    |
| 5   | SQL            | NULL   | NULL      |

- Ï±Ö Î™©Î°ù ÌÖåÏù¥Î∏î

| book_id | name           | author_id |
|---------|----------------|-----------|
| 1       | Java           | 1         |
| 2       | C/C#           | 2         |
| 3       | Linear Algebra | 3         |
| 4       | Calculus       | 1         |
| 5       | SQL            | NULL      |

- Ï†ÄÏûê Î™ÖÎã® ÌÖåÏù¥Î∏î

| author_id | name   | publisher_id |
|-----------|--------|--------------|
| 1         | jimmy  | 1            |
| 2         | jose   | 1            |
| 3         | tom    | 2            |
| 4         | george | NULL         |

- Ï∂úÌåêÏÇ¨ Î™©Î°ù ÌÖåÏù¥Î∏î

| publisher_id | name     |
|--------------|----------|
| 1            | malang   |
| 2            | dandan   |
| 3            | moolcung |

## üñáÔ∏è 1. Inner Join

- ÍµêÏßëÌï© Ïó∞ÏÇ∞Í≥º Ïú†ÏÇ¨. **ÌïòÎÇòÎ°ú Ìï©Ïπ† Îëê ÌÖåÏù¥Î∏îÏóê Î™®Îëê Ïó∞Í¥ÄÎêú Í∞íÏù¥ ÏûàÎäî Ïú†Ìö®Ìïú Î†àÏΩîÎìúÎßå** Í∞ÄÏ†∏Ïò§Îäî Î∞©Î≤ï.
- Îëê ÌÖåÏù¥Î∏î Ï§ë Ïñ¥Îäê ÌïúÏ™ΩÏù¥ÎùºÎèÑ ÎπÑÏñ¥ÏûàÎäî Í∞íÏù¥ÎÇò Ïó∞Í¥ÄÏÑ±Ïù¥ ÏóÜÎäî Í∞íÏùÄ Ï†úÏô∏ÎêúÎã§.
- `Inner Join`ÏóêÎäî `Explicit Inner Join`Í≥º `Implicit Inner Join`Ïù¥ ÏûàÎã§. Í≤∞Í≥ºÎäî Í∞ôÏßÄÎßå ÏïΩÍ∞ÑÏùò Î¨∏Î≤ï Ï∞®Ïù¥Í∞Ä ÏûàÎã§.

### Explicit Inner Join

- Í∏∞Î≥∏ Íµ¨Ï°∞

  ```
  SELECT {columns} 
  FROM {tableA} INNER JOIN {tableB} 
    ON {join condition} 
  WHERE {optional conditions};
  ```

### Implicit Inner Join

- Í∏∞Î≥∏ Íµ¨Ï°∞

  ```
  SELECT {columns} 
  FROM {tableA}, {tableB} 
  WHERE {join condition} 
    AND {optional conditions};
  ```

### ÏÇ¨Ïö© Ïòà

- Ï±Ö ÌÖåÏù¥Î∏î + Ï†ÄÏûê Î™ÖÎã® ÌÖåÏù¥Î∏î

  ```
  MariaDB [join_example]> SELECT *
      -> FROM book INNER JOIN author
      -> ON book.author_id = author.author_id;
  +---------+----------------+-----------+-----------+-------+--------------+
  | book_id | name           | author_id | author_id | name  | publisher_id |
  +---------+----------------+-----------+-----------+-------+--------------+
  |       1 | Java           |         1 |         1 | jimmy |            1 |
  |       2 | C/C#           |         2 |         2 | jose  |            1 |
  |       3 | Linear Algebra |         3 |         3 | tom   |            2 |
  |       4 | Calculus       |         1 |         1 | jimmy |            1 |
  +---------+----------------+-----------+-----------+-------+--------------+
  4 rows in set (0.002 sec)
  ```
  
  > Ï±Ö Î™©Î°ùÏóêÏÑú Ï†ÄÏûê ÏãùÎ≥ÑÏûê Í∞íÏù¥ `NULL`Ïù∏ `SQL`Ï±ÖÏù¥ Ï†úÏô∏ÎêêÍ≥† `george`Í∞Ä Ï†ÄÏûêÎ°ú Îì±Î°ùÎêú Ï±ÖÏù¥ ÏóÜÏúºÎØÄÎ°ú Ï†ÄÏûê Î™ÖÎã®ÏóêÏÑú `george`Í∞Ä Ï†úÏô∏ÎêêÎã§.

- Ï±Ö ÌÖåÏù¥Î∏î + Ï†ÄÏûê Î™ÖÎã® ÌÖåÏù¥Î∏î + Ï∂úÌåêÏÇ¨ Î™©Î°ù ÌÖåÏù¥Î∏î
  ```
  MariaDB [join_example]> SELECT * 
      -> FROM book INNER JOIN author 
      -> ON book.author_id = author.author_id
      -> INNER JOIN publisher
      -> ON author.publisher_id = publisher.publisher_id;
  +---------+----------------+-----------+-----------+-------+--------------+--------------+--------+
  | book_id | name           | author_id | author_id | name  | publisher_id | publisher_id | name   |
  +---------+----------------+-----------+-----------+-------+--------------+--------------+--------+
  |       1 | Java           |         1 |         1 | jimmy |            1 |            1 | malang |
  |       2 | C/C#           |         2 |         2 | jose  |            1 |            1 | malang |
  |       3 | Linear Algebra |         3 |         3 | tom   |            2 |            2 | dandan |
  |       4 | Calculus       |         1 |         1 | jimmy |            1 |            1 | malang |
  +---------+----------------+-----------+-----------+-------+--------------+--------------+--------+
  4 rows in set (0.002 sec)
  ```

  > Í∞ôÏùÄ ÏõêÎ¶¨Î°ú Ï∂úÌåêÏÇ¨ `moolcung`Ïóê ÏÜåÏÜçÎêú Ï†ÄÏûêÍ∞Ä ÏóÜÏúºÎØÄÎ°ú Ï∂úÎ†•ÏóêÏÑú Ï†úÏô∏ÎêêÎã§.

- Ï°∞Ïù∏ Îêú ÌÖåÏù¥Î∏îÏóêÏÑú Ï†ÄÏûê Ïù¥Î¶ÑÏù¥ `jimmy`Ïù∏ Î†àÏΩîÎìúÎßå Ï∂úÎ†•

  ```
  MariaDB [join_example]> SELECT *
      -> FROM book INNER JOIN author 
      -> ON book.author_id = author.author_id
      -> INNER JOIN publisher
      -> ON author.publisher_id = publisher.publisher_id
      -> WHERE author.name = 'jimmy';
  +---------+----------+-----------+-----------+-------+--------------+--------------+--------+
  | book_id | name     | author_id | author_id | name  | publisher_id | publisher_id | name   |
  +---------+----------+-----------+-----------+-------+--------------+--------------+--------+
  |       1 | Java     |         1 |         1 | jimmy |            1 |            1 | malang |
  |       4 | Calculus |         1 |         1 | jimmy |            1 |            1 | malang |
  +---------+----------+-----------+-----------+-------+--------------+--------------+--------+
  2 rows in set (0.006 sec)
  ```

- ÌîÑÎ°úÏ†ùÏÖòÏùÑ Ï†ÅÏö©Ìïú Í≤ΩÏö∞

  ```
  MariaDB [join_example]> SELECT  
      -> book.book_id AS id,
      -> book.name AS book,
      -> author.name AS author,
      -> publisher.name AS publisher
      -> FROM book INNER JOIN author
      -> ON book.author_id = author.author_id
      -> INNER JOIN publisher
      -> ON author.publisher_id = publisher.publisher_id
      -> WHERE author.name = 'jimmy';
  +----+----------+--------+-----------+
  | id | book     | author | publisher |
  +----+----------+--------+-----------+
  |  1 | Java     | jimmy  | malang    |
  |  4 | Calculus | jimmy  | malang    |
  +----+----------+--------+-----------+
  2 rows in set (0.002 sec)
  ```

## üîó 2. Outer Join

`Outer Join`ÏùÄ ÌïòÎÇòÎ°ú Ìï©Ïπ† Îëê ÌÖåÏù¥Î∏î Ï§ë Ïñ¥Îäê ÌïòÎÇòÎùºÎèÑ Í∞íÏùÑ Í∞ÄÏßÑ Î†àÏΩîÎìúÍ∞Ä ÏûàÏúºÎ©¥ Î™®Îëê Ï∂úÎ†•ÌïòÎäî Ï°∞Ïù∏ Î∞©Î≤ïÏù¥Îã§.
`Left`, `Right`, `Full`Î°ú ÎÇòÎâúÎã§.

### Left(Right) Join

Í∏∞Ï§Ä ÌÖåÏù¥Î∏îÏùò Î™®Îì† Í∞íÏùÑ Ï∂úÎ†•ÌïòÍ≥† Í∏∞Ï§Ä ÌÖåÏù¥Î∏îÏóê Ïó∞Í¥ÄÎêú Îç∞Ïù¥ÌÑ∞Î•º Ï°∞Ïù∏Ìï¥ Ï∂úÎ†•ÌïòÎäî Î∞©Î≤ï
Í∏∞Ï§Ä ÌÖåÏù¥Î∏îÏùò ÌäπÏ†ï Í∞íÍ≥º Îß§Ïπ≠ÎêòÎäî Í∞íÏù¥ ÏóÜÏùÑÍ≤ΩÏö∞ ÏûêÎèôÏúºÎ°ú `NULL`Í∞íÏúºÎ°ú Ï±ÑÏõåÏßê

- Í∏∞Î≥∏ Íµ¨Ï°∞

  ```
  SELECT {columns} 
  FROM {tableA} {LEFT | RIGHT} JOIN {tableB} 
    ON {join condition} 
  WHERE {optional conditions}
  ```

### ÏÇ¨Ïö© Ïòà

- Ï±Ö Î™©Î°ù + Ï†ÄÏûê Î™ÖÎã® / Í∏∞Ï§Ä ÌÖåÏù¥Î∏î : `book`
  
  ```
  MariaDB [join_example]> SELECT *
      -> FROM book LEFT OUTER JOIN author
      -> ON book.author_id = author.author_id;
  +---------+----------------+-----------+-----------+-------+--------------+
  | book_id | name           | author_id | author_id | name  | publisher_id |
  +---------+----------------+-----------+-----------+-------+--------------+
  |       1 | Java           |         1 |         1 | jimmy |            1 |
  |       2 | C/C#           |         2 |         2 | jose  |            1 |
  |       3 | Linear Algebra |         3 |         3 | tom   |            2 |
  |       4 | Calculus       |         1 |         1 | jimmy |            1 |
  |       5 | SQL            |      NULL |      NULL | NULL  |         NULL |
  +---------+----------------+-----------+-----------+-------+--------------+
  5 rows in set (0.040 sec)
  ```
  
  > Í∏∞Ï§Ä ÌÖåÏù¥Î∏îÏù∏ `book`Ïóê ÏûàÎäî `SQL`ÏùÄ Ï†ÄÏûê Ï†ïÎ≥¥Í∞Ä `NULL`Î°ú Ï±ÑÏõåÏ†∏ ÏûàÎã§.


- Ï±Ö Î™©Î°ù + Ï†ÄÏûê Î™ÖÎã® + Ï∂úÌåêÏÇ¨ Î™©Î°ù / Í∏∞Ï§Ä ÌÖåÏù¥Î∏î : `author`

  ```
  MariaDB [join_example]> SELECT *
    -> FROM book RIGHT OUTER  JOIN author 
    -> ON book.author_id = author.author_id
    -> LEFT OUTER JOIN publisher
    -> ON author.publisher_id = publisher.publisher_id;
  +---------+----------------+-----------+-----------+--------+--------------+--------------+--------+
  | book_id | name           | author_id | author_id | name   | publisher_id | publisher_id | name   |
  +---------+----------------+-----------+-----------+--------+--------------+--------------+--------+
  |       1 | Java           |         1 |         1 | jimmy  |            1 |            1 | malang |
  |       2 | C/C#           |         2 |         2 | jose   |            1 |            1 | malang |
  |       3 | Linear Algebra |         3 |         3 | tom    |            2 |            2 | dandan |
  |       4 | Calculus       |         1 |         1 | jimmy  |            1 |            1 | malang |
  |    NULL | NULL           |      NULL |         4 | george |         NULL |         NULL | NULL   |
  +---------+----------------+-----------+-----------+--------+--------------+--------------+--------+
  5 rows in set (0.042 sec)
  ```
  
  > Í∏∞Ï§ÄÌÖåÏù¥Î∏îÏù∏ `author`Ïùò Í∞í Ï§ë `george`Ïóê Ìï¥ÎãπÌïòÎäî Ïó¥Ïùò ÎÇòÎ®∏ÏßÄ Ïª¨ÎüºÏùÄ `NULL`Î°ú Ï±ÑÏõåÏßÑÎã§.

- ÌîÑÎ°úÏ†ùÏÖò Ï†ÅÏö©

  ```
  MariaDB [join_example]> SELECT 
    -> book_id AS id,
    -> book.name AS book,
    -> author.name AS author,
    -> publisher.name AS publisher
    -> FROM book RIGHT OUTER JOIN author
    -> ON book.author_id = author.author_id
    -> LEFT OUTER JOIN publisher
    -> ON author.publisher_id = publisher.publisher_id;
  +------+----------------+--------+-----------+
  | id   | book           | author | publisher |
  +------+----------------+--------+-----------+
  |    1 | Java           | jimmy  | malang    |
  |    2 | C/C#           | jose   | malang    |
  |    3 | Linear Algebra | tom    | dandan    |
  |    4 | Calculus       | jimmy  | malang    |
  | NULL | NULL           | george | NULL      |
  +------+----------------+--------+-----------+
  5 rows in set (0.006 sec)
  ```

### Full Outer Join

`DBMS`Î≥Ñ ÏßÄÏõê Ïó¨Î∂ÄÍ∞Ä Îã§Î•¥Îã§. `Ïò§ÎùºÌÅ¥`Ïùò Í≤ΩÏö∞ `Full Outer Join`Íµ¨Î¨∏ÏùÑ ÏßÄÏõê ÌïòÏßÄÎßå `Mysql/MariaDB`Ïùò Í≤ΩÏö∞ ÏßÄÏõêÌïòÏßÄ ÏïäÏïÑÏÑú `UNION`Íµ¨Î¨∏ÏùÑ ÏÇ¨Ïö©Ìï¥Ïïº Ìï®.

- Í∏∞Î≥∏ Íµ¨Ï°∞ 

  ```
  SELECT {columns} 
  FROM {tableA} FULL OUTER JOIN {tableB}
    ON {join condition}
  
  // myslq
  {LFET OUTER JOIN Query}
  UNION
  {RIGHT OUTER JOIN Query}
  ```

### ÏÇ¨Ïö© Ïòà

- Ï±Ö Î™©Î°ù + Ï†ÄÏûê Î™ÖÎã® 
  ```
  MariaDB [join_example]> SELECT * 
      -> FROM book LEFT OUTER JOIN author 
      -> ON book.author_id = author.author_id
      -> UNION
      -> SELECT * 
      -> FROM book RIGHT OUTER JOIN author 
      -> ON book.author_id = author.author_id;
  +---------+----------------+-----------+-----------+--------+--------------+
  | book_id | name           | author_id | author_id | name   | publisher_id |
  +---------+----------------+-----------+-----------+--------+--------------+
  |       1 | Java           |         1 |         1 | jimmy  |            1 |
  |       2 | C/C#           |         2 |         2 | jose   |            1 |
  |       3 | Linear Algebra |         3 |         3 | tom    |            2 |
  |       4 | Calculus       |         1 |         1 | jimmy  |            1 |
  |       5 | SQL            |      NULL |      NULL | NULL   |         NULL |
  |    NULL | NULL           |      NULL |         4 | george |         NULL |
  +---------+----------------+-----------+-----------+--------+--------------+
  6 rows in set (0.022 sec)
  ```
  
## üëÄ 3. Î≤§ Îã§Ïù¥Ïñ¥Í∑∏Îû®ÏúºÎ°ú Î≥¥Îäî ÏÉÅÌô©Î≥Ñ Ï°∞Ïù∏ ÏøºÎ¶¨

![](img/db_join01.png)

```
SELECT {columns} 
FROM {tableA} LEFT OUTER JOIN {tableB} 
  ON {join condition};
```

![](img/db_join02.png)

```
SELECT {columns} 
FROM {tableA} RIGHT OUTER JOIN {tableB} 
  ON {join condition};
```

![](img/db_join03.png)

```
SELECT {columns} 
FROM {tableA} INNER JOIN {tableB} 
  ON {join condition};
```

![](img/db_join04.png)

```
SELECT {columns} 
FROM {tableA} FULL OUTER JOIN {tableB} 
  ON {join condition};

//or

SELECT {columns} 
FROM {tableA} LEFT OUTER JOIN {tableB} 
  ON {join condition}
UNION
SELECT {columns} 
FROM {tableA} RIGHT OUTER JOIN {tableB} 
  ON {join condition};
```

![](img/db_join05.png)

```
SELECT {columns} 
FROM {tableA} LEFT OUTER JOIN {tableB} 
  ON {join condition} 
WHERE {tableB.col} IS NULL;
```

![](img/db_join06.png)

```
SELECT {columns} 
FROM {tableA} RIGHT OUTER JOIN {tableB} 
  ON {join condition} 
WHERE {tableA.col} IS NULL;
```

![](img/db_join07.png)

```
SELECT {columns} 
FROM {tableA} FULL OUTER JOIN {tableB} 
  ON {join condition} 
WHERE {tableA.col} IS NULL OR {tableB.col} IS NULL

// or

SELECT {columns} 
FROM {tableA} LEFT OUTER JOIN {tableB} 
  ON {join condition} 
WHERE {tableB.col} IS NULL
UNION
SELECT {columns} 
FROM {tableA} RIGHT OUTER JOIN {tableB} 
  ON {join condition} 
WHERE {tableA.col} IS NULL;
```

---

## üìö References
[ÌòºÏûêÏÑú Í≥µÎ∂ÄÌïòÎäî SQL - ÌïúÎπõÏÜåÌîÑÌä∏](https://www.hanbit.co.kr/store/books/look.php?p_code=B6846155853)